id,source,table,pdf_page,layout_line,substance,T_K,group_K,p_MPa,v_cm3_g,rho_kg_m3,kind,phase
Acosta1996_0001,Acosta1996,4,4,234,trilaurin,298.5,298,9.0,0.9737,1027.0103728047652,reported_high_pressure,solid
Acosta1996_0002,Acosta1996,4,4,234,trilaurin,303.4,303,9.0,0.9752,1025.4306808859722,reported_high_pressure,solid
Acosta1996_0003,Acosta1996,4,4,234,trilaurin,308.4,308,9.0,0.9772,1023.3319688907081,reported_high_pressure,solid
Acosta1996_0004,Acosta1996,4,4,234,trilaurin,313.2,313,9.0,0.9792,1021.2418300653595,reported_high_pressure,solid
Acosta1996_0005,Acosta1996,4,4,235,trilaurin,298.8,298,24.0,0.9702,1030.7153164296021,reported_high_pressure,solid
Acosta1996_0006,Acosta1996,4,4,235,trilaurin,303.5,303,24.0,0.9716,1029.230135858378,reported_high_pressure,solid
Acosta1996_0007,Acosta1996,4,4,235,trilaurin,308.5,308,24.0,0.9735,1027.221366204417,reported_high_pressure,solid
Acosta1996_0008,Acosta1996,4,4,235,trilaurin,313.4,313,24.0,0.9753,1025.3255408592229,reported_high_pressure,solid
Acosta1996_0009,Acosta1996,4,4,236,trilaurin,298.7,298,39.0,0.9669,1034.233116144379,reported_high_pressure,solid
Acosta1996_0010,Acosta1996,4,4,236,trilaurin,303.4,303,39.0,0.9684,1032.6311441553078,reported_high_pressure,solid
Acosta1996_0011,Acosta1996,4,4,236,trilaurin,308.7,308,39.0,0.9704,1030.502885408079,reported_high_pressure,solid
Acosta1996_0012,Acosta1996,4,4,236,trilaurin,313.5,313,39.0,0.9719,1028.9124395513943,reported_high_pressure,solid
Acosta1996_0013,Acosta1996,4,4,237,trilaurin,298.7,298,54.0,0.9639,1037.4520178441746,reported_high_pressure,solid
Acosta1996_0014,Acosta1996,4,4,237,trilaurin,303.4,303,54.0,0.9654,1035.8400662937643,reported_high_pressure,solid
Acosta1996_0015,Acosta1996,4,4,237,trilaurin,308.5,308,54.0,0.9671,1034.0192327577292,reported_high_pressure,solid
Acosta1996_0016,Acosta1996,4,4,237,trilaurin,313.4,313,54.0,0.9687,1032.3113451016827,reported_high_pressure,solid
Acosta1996_0017,Acosta1996,4,4,238,trilaurin,298.8,298,69.0,0.961,1040.582726326743,reported_high_pressure,solid
Acosta1996_0018,Acosta1996,4,4,238,trilaurin,303.4,303,69.0,0.9625,1038.9610389610389,reported_high_pressure,solid
Acosta1996_0019,Acosta1996,4,4,238,trilaurin,308.5,308,69.0,0.9641,1037.2368011617052,reported_high_pressure,solid
Acosta1996_0020,Acosta1996,4,4,238,trilaurin,313.4,313,69.0,0.9656,1035.625517812759,reported_high_pressure,solid
Acosta1996_0021,Acosta1996,4,4,239,trilaurin,298.7,298,84.0,0.9582,1043.6234606553955,reported_high_pressure,solid
Acosta1996_0022,Acosta1996,4,4,239,trilaurin,303.4,303,84.0,0.9597,1041.9922892570596,reported_high_pressure,solid
Acosta1996_0023,Acosta1996,4,4,239,trilaurin,308.5,308,84.0,0.9612,1040.3662089055347,reported_high_pressure,solid
Acosta1996_0024,Acosta1996,4,4,239,trilaurin,313.3,313,84.0,0.9628,1038.637307852098,reported_high_pressure,solid
Acosta1996_0025,Acosta1996,4,4,240,trilaurin,298.7,298,99.0,0.9556,1046.4629552113854,reported_high_pressure,solid
Acosta1996_0026,Acosta1996,4,4,240,trilaurin,303.4,303,99.0,0.957,1044.932079414838,reported_high_pressure,solid
Acosta1996_0027,Acosta1996,4,4,240,trilaurin,308.7,308,99.0,0.9586,1043.187982474442,reported_high_pressure,solid
Acosta1996_0028,Acosta1996,4,4,240,trilaurin,313.3,313,99.0,0.96,1041.6666666666667,reported_high_pressure,solid
Acosta1996_0029,Acosta1996,4,4,241,trilaurin,298.8,298,114.0,0.9531,1049.2078480747036,reported_high_pressure,solid
Acosta1996_0030,Acosta1996,4,4,241,trilaurin,303.4,303,114.0,0.9545,1047.6689366160292,reported_high_pressure,solid
Acosta1996_0031,Acosta1996,4,4,241,trilaurin,308.6,308,114.0,0.956,1046.0251046025105,reported_high_pressure,solid
Acosta1996_0032,Acosta1996,4,4,241,trilaurin,313.2,313,114.0,0.9574,1044.4955086693126,reported_high_pressure,solid
Acosta1996_0033,Acosta1996,4,4,242,trilaurin,298.8,298,129.0,0.9507,1051.8565267697486,reported_high_pressure,solid
Acosta1996_0034,Acosta1996,4,4,242,trilaurin,303.4,303,129.0,0.952,1050.420168067227,reported_high_pressure,solid
Acosta1996_0035,Acosta1996,4,4,242,trilaurin,308.5,308,129.0,0.9526,1049.7585555322275,reported_high_pressure,solid
Acosta1996_0036,Acosta1996,4,4,242,trilaurin,313.2,313,129.0,0.9549,1047.2300764477957,reported_high_pressure,solid
Acosta1996_0037,Acosta1996,4,4,243,trilaurin,298.7,298,144.0,0.9483,1054.5186122535063,reported_high_pressure,solid
Acosta1996_0038,Acosta1996,4,4,243,trilaurin,303.4,303,144.0,0.9496,1053.0749789385004,reported_high_pressure,solid
Acosta1996_0039,Acosta1996,4,4,243,trilaurin,308.4,308,144.0,0.951,1051.5247108307046,reported_high_pressure,solid
Acosta1996_0040,Acosta1996,4,4,243,trilaurin,313.1,313,144.0,0.9524,1049.9790004199915,reported_high_pressure,solid
Acosta1996_0041,Acosta1996,4,4,244,trilaurin,327.4,328,0.1,1.1154,896.5393580778197,extrapolated_0.1,liquid
Acosta1996_0042,Acosta1996,4,4,244,trilaurin,332.8,333,0.1,1.1197,893.0963650977941,extrapolated_0.1,liquid
Acosta1996_0043,Acosta1996,4,4,245,trilaurin,317.9,318,9.0,0.9814,1018.9525168127165,reported_high_pressure,solid
Acosta1996_0044,Acosta1996,4,4,245,trilaurin,322.7,323,9.0,1.0459,956.1143512764127,reported_high_pressure,unresolved_branch
Acosta1996_0045,Acosta1996,4,4,245,trilaurin,327.4,328,9.0,1.1076,902.853015529072,reported_high_pressure,liquid
Acosta1996_0046,Acosta1996,4,4,245,trilaurin,332.8,333,9.0,1.1117,899.5232526760817,reported_high_pressure,liquid
Acosta1996_0047,Acosta1996,4,4,246,trilaurin,318.1,318,24.0,0.9769,1023.6462278636503,reported_high_pressure,solid
Acosta1996_0048,Acosta1996,4,4,246,trilaurin,323.2,323,24.0,1.007,993.04865938431,reported_high_pressure,unresolved_branch
Acosta1996_0049,Acosta1996,4,4,246,trilaurin,327.6,328,24.0,1.0969,911.6601331023794,reported_high_pressure,liquid
Acosta1996_0050,Acosta1996,4,4,246,trilaurin,333.0,333,24.0,1.1006,908.5953116481919,reported_high_pressure,liquid
Acosta1996_0051,Acosta1996,4,4,247,trilaurin,318.1,318,39.0,0.9731,1027.643613194944,reported_high_pressure,solid
Acosta1996_0052,Acosta1996,4,4,247,trilaurin,323.1,323,39.0,0.9817,1018.6411327289396,reported_high_pressure,unresolved_branch
Acosta1996_0053,Acosta1996,4,4,247,trilaurin,327.5,328,39.0,1.0873,919.7093718384991,reported_high_pressure,liquid
Acosta1996_0054,Acosta1996,4,4,247,trilaurin,333.0,333,39.0,1.0909,916.6743056192136,reported_high_pressure,liquid
Acosta1996_0055,Acosta1996,4,4,248,trilaurin,318.1,318,54.0,0.9698,1031.1404413281089,reported_high_pressure,solid
Acosta1996_0056,Acosta1996,4,4,248,trilaurin,322.9,323,54.0,0.9759,1024.6951531919253,reported_high_pressure,unresolved_branch
Acosta1996_0057,Acosta1996,4,4,248,trilaurin,327.7,328,54.0,1.0787,927.0418095856123,reported_high_pressure,liquid
Acosta1996_0058,Acosta1996,4,4,248,trilaurin,333.0,333,54.0,1.0821,924.1290084095739,reported_high_pressure,liquid
Acosta1996_0059,Acosta1996,4,4,249,trilaurin,318.2,318,69.0,0.9667,1034.4470880314473,reported_high_pressure,solid
Acosta1996_0060,Acosta1996,4,4,249,trilaurin,322.9,323,69.0,0.9723,1028.4891494394733,reported_high_pressure,unresolved_branch
Acosta1996_0061,Acosta1996,4,4,249,trilaurin,327.6,328,69.0,1.0709,933.7940050424877,reported_high_pressure,liquid
Acosta1996_0062,Acosta1996,4,4,249,trilaurin,333.0,333,69.0,1.0741,931.0120100549296,reported_high_pressure,liquid
Acosta1996_0063,Acosta1996,4,4,250,trilaurin,318.2,318,84.0,0.9638,1037.5596596804317,reported_high_pressure,solid
Acosta1996_0064,Acosta1996,4,4,250,trilaurin,322.9,323,84.0,0.9692,1031.778786628147,reported_high_pressure,unresolved_branch
Acosta1996_0065,Acosta1996,4,4,250,trilaurin,327.7,328,84.0,1.0636,940.203083866115,reported_high_pressure,liquid
Acosta1996_0066,Acosta1996,4,4,250,trilaurin,333.0,333,84.0,1.0667,937.4707040404987,reported_high_pressure,liquid
Acosta1996_0067,Acosta1996,4,4,251,trilaurin,318.2,318,99.0,0.9609,1040.6910188365075,reported_high_pressure,solid
Acosta1996_0068,Acosta1996,4,4,251,trilaurin,323.2,323,99.0,0.9661,1035.0895352447988,reported_high_pressure,unresolved_branch
Acosta1996_0069,Acosta1996,4,4,251,trilaurin,327.7,328,99.0,1.0568,946.2528387585163,reported_high_pressure,liquid
Acosta1996_0070,Acosta1996,4,4,251,trilaurin,333.0,333,99.0,1.0599,943.4852344560807,reported_high_pressure,liquid
Acosta1996_0071,Acosta1996,4,4,252,trilaurin,318.2,318,114.0,0.9584,1043.405676126878,reported_high_pressure,solid
Acosta1996_0072,Acosta1996,4,4,252,trilaurin,323.2,323,114.0,0.9634,1037.9904504878555,reported_high_pressure,unresolved_branch
Acosta1996_0073,Acosta1996,4,4,252,trilaurin,327.6,328,114.0,1.0505,951.9276534983342,reported_high_pressure,liquid
Acosta1996_0074,Acosta1996,4,4,252,trilaurin,333.0,333,114.0,1.0535,949.2168960607498,reported_high_pressure,liquid
Acosta1996_0075,Acosta1996,4,4,253,trilaurin,318.0,318,129.0,0.9558,1046.2439840970915,reported_high_pressure,solid
Acosta1996_0076,Acosta1996,4,4,253,trilaurin,323.2,323,129.0,0.9605,1041.124414367517,reported_high_pressure,unresolved_branch
Acosta1996_0077,Acosta1996,4,4,253,trilaurin,327.6,328,129.0,1.0443,957.5792396820837,reported_high_pressure,liquid
Acosta1996_0078,Acosta1996,4,4,253,trilaurin,333.0,333,129.0,1.0475,954.653937947494,reported_high_pressure,liquid
Acosta1996_0079,Acosta1996,4,4,254,trilaurin,318.0,318,144.0,0.9533,1048.987726843596,reported_high_pressure,solid
Acosta1996_0080,Acosta1996,4,4,254,trilaurin,323.2,323,144.0,0.9569,1045.0412791305257,reported_high_pressure,unresolved_branch
Acosta1996_0081,Acosta1996,4,4,254,trilaurin,327.8,328,144.0,1.0384,963.020030816641,reported_high_pressure,liquid
Acosta1996_0082,Acosta1996,4,4,254,trilaurin,332.9,333,144.0,1.0417,959.9692809830085,reported_high_pressure,liquid
Acosta1996_0083,Acosta1996,4,4,255,trilaurin,337.6,338,0.1,1.1235,890.0756564307967,extrapolated_0.1,liquid
Acosta1996_0084,Acosta1996,4,4,255,trilaurin,342.8,343,0.1,1.1278,886.6820358219543,extrapolated_0.1,liquid
Acosta1996_0085,Acosta1996,4,4,255,trilaurin,347.7,348,0.1,1.1317,883.6264027569144,extrapolated_0.1,liquid
Acosta1996_0086,Acosta1996,4,4,255,trilaurin,352.6,353,0.1,1.1355,880.6693086745927,extrapolated_0.1,liquid
Acosta1996_0087,Acosta1996,4,4,256,trilaurin,337.8,338,9.0,1.1155,896.4589870013448,reported_high_pressure,liquid
Acosta1996_0088,Acosta1996,4,4,256,trilaurin,342.8,343,9.0,1.1195,893.2559178204556,reported_high_pressure,liquid
Acosta1996_0089,Acosta1996,4,4,256,trilaurin,347.7,348,9.0,1.1232,890.3133903133903,reported_high_pressure,liquid
Acosta1996_0090,Acosta1996,4,4,256,trilaurin,352.5,353,9.0,1.1268,887.4689385871494,reported_high_pressure,liquid
Acosta1996_0091,Acosta1996,4,4,257,trilaurin,338.0,338,24.0,1.1042,905.6330374932077,reported_high_pressure,liquid
Acosta1996_0092,Acosta1996,4,4,257,trilaurin,343.2,343,24.0,1.1081,902.445627650934,reported_high_pressure,liquid
Acosta1996_0093,Acosta1996,4,4,257,trilaurin,348.0,348,24.0,1.1115,899.685110211426,reported_high_pressure,liquid
Acosta1996_0094,Acosta1996,4,4,257,trilaurin,352.9,353,24.0,1.115,896.8609865470852,reported_high_pressure,liquid
Acosta1996_0095,Acosta1996,4,4,258,trilaurin,338.1,338,39.0,1.0944,913.7426900584795,reported_high_pressure,liquid
Acosta1996_0096,Acosta1996,4,4,258,trilaurin,343.2,343,39.0,1.0977,910.995718320124,reported_high_pressure,liquid
Acosta1996_0097,Acosta1996,4,4,258,trilaurin,348.1,348,39.0,1.101,908.2652134423251,reported_high_pressure,liquid
Acosta1996_0098,Acosta1996,4,4,258,trilaurin,353.1,353,39.0,1.1044,905.4690329590727,reported_high_pressure,liquid
Acosta1996_0099,Acosta1996,4,4,259,trilaurin,338.1,338,54.0,1.0854,921.3193292795283,reported_high_pressure,liquid
Acosta1996_0100,Acosta1996,4,4,259,trilaurin,343.2,343,54.0,1.0885,918.6954524575103,reported_high_pressure,liquid
Acosta1996_0101,Acosta1996,4,4,259,trilaurin,348.1,348,54.0,1.0916,916.0864785635765,reported_high_pressure,liquid
Acosta1996_0102,Acosta1996,4,4,259,trilaurin,353.2,353,54.0,1.0948,913.4088417975886,reported_high_pressure,liquid
Acosta1996_0103,Acosta1996,4,4,260,trilaurin,338.1,338,69.0,1.0773,928.24654228163,reported_high_pressure,liquid
Acosta1996_0104,Acosta1996,4,4,260,trilaurin,343.2,343,69.0,1.0804,925.5831173639392,reported_high_pressure,liquid
Acosta1996_0105,Acosta1996,4,4,260,trilaurin,348.1,348,69.0,1.0833,923.1053263177329,reported_high_pressure,liquid
Acosta1996_0106,Acosta1996,4,4,260,trilaurin,353.1,353,69.0,1.0861,920.7255317189945,reported_high_pressure,liquid
Acosta1996_0107,Acosta1996,4,4,261,trilaurin,338.1,338,84.0,1.0697,934.8415443582312,reported_high_pressure,liquid
Acosta1996_0108,Acosta1996,4,4,261,trilaurin,343.3,343,84.0,1.0729,932.0533134495294,reported_high_pressure,liquid
Acosta1996_0109,Acosta1996,4,4,261,trilaurin,348.2,348,84.0,1.0755,929.8000929800094,reported_high_pressure,liquid
Acosta1996_0110,Acosta1996,4,4,261,trilaurin,353.1,353,84.0,1.0782,927.4717121127806,reported_high_pressure,liquid
Acosta1996_0111,Acosta1996,4,4,262,trilaurin,338.0,338,99.0,1.0628,940.9108016560031,reported_high_pressure,liquid
Acosta1996_0112,Acosta1996,4,4,262,trilaurin,343.4,343,99.0,1.0658,938.2623381497466,reported_high_pressure,liquid
Acosta1996_0113,Acosta1996,4,4,262,trilaurin,348.1,348,99.0,1.0682,936.1542782250515,reported_high_pressure,liquid
Acosta1996_0114,Acosta1996,4,4,262,trilaurin,353.0,353,99.0,1.0708,933.8812103100486,reported_high_pressure,liquid
Acosta1996_0115,Acosta1996,4,4,263,trilaurin,338.0,338,114.0,1.0563,946.7007478935908,reported_high_pressure,liquid
Acosta1996_0116,Acosta1996,4,4,263,trilaurin,343.4,343,114.0,1.0591,944.1979038806535,reported_high_pressure,liquid
Acosta1996_0117,Acosta1996,4,4,263,trilaurin,348.2,348,114.0,1.0616,941.9743782969102,reported_high_pressure,liquid
Acosta1996_0118,Acosta1996,4,4,263,trilaurin,353.1,353,114.0,1.0642,939.6729937981582,reported_high_pressure,liquid
Acosta1996_0119,Acosta1996,4,4,264,trilaurin,338.2,338,129.0,1.0502,952.1995810321844,reported_high_pressure,liquid
Acosta1996_0120,Acosta1996,4,4,264,trilaurin,343.4,343,129.0,1.0529,949.7578117580017,reported_high_pressure,liquid
Acosta1996_0121,Acosta1996,4,4,264,trilaurin,348.2,348,129.0,1.0552,947.6876421531464,reported_high_pressure,liquid
Acosta1996_0122,Acosta1996,4,4,264,trilaurin,353.0,353,129.0,1.0576,945.53706505295,reported_high_pressure,liquid
Acosta1996_0123,Acosta1996,4,4,265,trilaurin,338.2,338,144.0,1.0444,957.4875526618154,reported_high_pressure,liquid
Acosta1996_0124,Acosta1996,4,4,265,trilaurin,343.4,343,144.0,1.0471,955.0186228631459,reported_high_pressure,liquid
Acosta1996_0125,Acosta1996,4,4,265,trilaurin,348.2,348,144.0,1.0494,952.9254812273679,reported_high_pressure,liquid
Acosta1996_0126,Acosta1996,4,4,265,trilaurin,353.0,353,144.0,1.0516,950.9319132750094,reported_high_pressure,liquid
Acosta1996_0127,Acosta1996,5,5,312,triolein,303.1,303,0.1,1.1059,904.2408897730354,extrapolated_0.1,liquid
Acosta1996_0128,Acosta1996,5,5,312,triolein,312.7,313,0.1,1.1132,898.311174991017,extrapolated_0.1,liquid
Acosta1996_0129,Acosta1996,5,5,312,triolein,332.6,333,0.1,1.1287,885.9750155045627,extrapolated_0.1,liquid
Acosta1996_0130,Acosta1996,5,5,312,triolein,352.2,353,0.1,1.1447,873.5913339739669,extrapolated_0.1,liquid
Acosta1996_0131,Acosta1996,5,5,313,triolein,303.1,303,9.0,1.0995,909.5043201455208,reported_high_pressure,liquid
Acosta1996_0132,Acosta1996,5,5,313,triolein,312.8,313,9.0,1.1066,903.6688957166094,reported_high_pressure,liquid
Acosta1996_0133,Acosta1996,5,5,313,triolein,332.6,333,9.0,1.1215,891.6629514043692,reported_high_pressure,liquid
Acosta1996_0134,Acosta1996,5,5,313,triolein,352.2,353,9.0,1.1365,879.8944126704795,reported_high_pressure,liquid
Acosta1996_0135,Acosta1996,5,5,314,triolein,303.1,303,24.0,1.0904,917.094644167278,reported_high_pressure,liquid
Acosta1996_0136,Acosta1996,5,5,314,triolein,312.8,313,24.0,1.0971,911.4939385653086,reported_high_pressure,liquid
Acosta1996_0137,Acosta1996,5,5,314,triolein,332.8,333,24.0,1.1111,900.0090000900009,reported_high_pressure,liquid
Acosta1996_0138,Acosta1996,5,5,314,triolein,352.4,353,24.0,1.1251,888.8098835659052,reported_high_pressure,liquid
Acosta1996_0139,Acosta1996,5,5,315,triolein,303.1,303,39.0,1.0822,924.0436148586213,reported_high_pressure,liquid
Acosta1996_0140,Acosta1996,5,5,315,triolein,312.7,313,39.0,1.0886,918.6110600771633,reported_high_pressure,liquid
Acosta1996_0141,Acosta1996,5,5,315,triolein,332.8,333,39.0,1.1019,907.5233687267446,reported_high_pressure,liquid
Acosta1996_0142,Acosta1996,5,5,315,triolein,352.4,353,39.0,1.1151,896.780557797507,reported_high_pressure,liquid
Acosta1996_0143,Acosta1996,5,5,316,triolein,303.1,303,54.0,1.0746,930.5788200260562,reported_high_pressure,liquid
Acosta1996_0144,Acosta1996,5,5,316,triolein,312.7,313,54.0,1.0807,925.3261774775608,reported_high_pressure,liquid
Acosta1996_0145,Acosta1996,5,5,316,triolein,332.8,333,54.0,1.0935,914.4947416552355,reported_high_pressure,liquid
Acosta1996_0146,Acosta1996,5,5,316,triolein,352.6,353,54.0,1.1062,903.995660820828,reported_high_pressure,liquid
Acosta1996_0147,Acosta1996,5,5,317,triolein,303.1,303,69.0,1.0676,936.6804046459347,reported_high_pressure,liquid
Acosta1996_0148,Acosta1996,5,5,317,triolein,312.7,313,69.0,1.0737,931.3588525658936,reported_high_pressure,liquid
Acosta1996_0149,Acosta1996,5,5,317,triolein,332.8,333,69.0,1.0858,920.9799226376864,reported_high_pressure,liquid
Acosta1996_0150,Acosta1996,5,5,317,triolein,352.7,353,69.0,1.0979,910.82976591675,reported_high_pressure,liquid
Acosta1996_0151,Acosta1996,5,5,318,triolein,303.1,303,84.0,1.0612,942.3294383716548,reported_high_pressure,liquid
Acosta1996_0152,Acosta1996,5,5,318,triolein,312.8,313,84.0,1.0668,937.3828271466067,reported_high_pressure,liquid
Acosta1996_0153,Acosta1996,5,5,318,triolein,332.7,333,84.0,1.0787,927.0418095856123,reported_high_pressure,liquid
Acosta1996_0154,Acosta1996,5,5,318,triolein,352.7,353,84.0,1.0903,917.1787581399615,reported_high_pressure,liquid
Acosta1996_0155,Acosta1996,5,5,319,triolein,303.1,303,99.0,1.0552,947.6876421531464,reported_high_pressure,liquid
Acosta1996_0156,Acosta1996,5,5,319,triolein,312.8,313,99.0,1.0606,942.8625306430323,reported_high_pressure,liquid
Acosta1996_0157,Acosta1996,5,5,319,triolein,332.7,333,99.0,1.0721,932.7488107452663,reported_high_pressure,liquid
Acosta1996_0158,Acosta1996,5,5,319,triolein,352.7,353,99.0,1.0832,923.1905465288036,reported_high_pressure,liquid
Acosta1996_0159,Acosta1996,5,5,320,triolein,303.3,303,114.0,1.0494,952.9254812273679,reported_high_pressure,liquid
Acosta1996_0160,Acosta1996,5,5,320,triolein,312.8,313,114.0,1.0547,948.1369109699441,reported_high_pressure,liquid
Acosta1996_0161,Acosta1996,5,5,320,triolein,332.7,333,114.0,1.0658,938.2623381497466,reported_high_pressure,liquid
Acosta1996_0162,Acosta1996,5,5,320,triolein,352.7,353,114.0,1.0768,928.6775631500743,reported_high_pressure,liquid
Acosta1996_0163,Acosta1996,5,5,321,triolein,303.1,303,129.0,1.0439,957.9461634256154,reported_high_pressure,liquid
Acosta1996_0164,Acosta1996,5,5,321,triolein,312.8,313,129.0,1.0491,953.1979792202841,reported_high_pressure,liquid
Acosta1996_0165,Acosta1996,5,5,321,triolein,332.8,333,129.0,1.0599,943.4852344560807,reported_high_pressure,liquid
Acosta1996_0166,Acosta1996,5,5,321,triolein,352.7,353,129.0,1.0705,934.1429238673517,reported_high_pressure,liquid
Acosta1996_0167,Acosta1996,5,5,322,triolein,303.1,303,144.0,1.0389,962.5565501973241,reported_high_pressure,liquid
Acosta1996_0168,Acosta1996,5,5,322,triolein,312.8,313,144.0,1.044,957.8544061302682,reported_high_pressure,liquid
Acosta1996_0169,Acosta1996,5,5,322,triolein,332.8,333,144.0,1.0543,948.4966328369534,reported_high_pressure,liquid
Acosta1996_0170,Acosta1996,5,5,322,triolein,352.7,353,144.0,1.0646,939.3199323689648,reported_high_pressure,liquid
Wu2011_0171,Wu2011,1,3,180,C16,323.65,323.65,14.9,,758.0,tabulated,liquid
Wu2011_0172,Wu2011,1,3,180,C16,422.85,422.85,14.1,,700.0,tabulated,liquid
Wu2011_0173,Wu2011,1,3,180,C16,522.55,522.55,15.1,,643.0,tabulated,liquid
Wu2011_0174,Wu2011,1,3,181,C16,323.65,323.65,27.9,,769.0,tabulated,liquid
Wu2011_0175,Wu2011,1,3,181,C16,422.85,422.85,27.9,,713.0,tabulated,liquid
Wu2011_0176,Wu2011,1,3,181,C16,522.55,522.55,27.1,,660.0,tabulated,liquid
Wu2011_0177,Wu2011,1,3,182,C16,323.65,323.65,41.5,,779.0,tabulated,liquid
Wu2011_0178,Wu2011,1,3,182,C16,422.85,422.85,41.2,,724.0,tabulated,liquid
Wu2011_0179,Wu2011,1,3,182,C16,522.55,522.55,42.0,,675.0,tabulated,liquid
Wu2011_0180,Wu2011,1,3,183,C16,323.65,323.65,55.5,,787.0,tabulated,liquid
Wu2011_0181,Wu2011,1,3,183,C16,422.85,422.85,55.5,,734.0,tabulated,liquid
Wu2011_0182,Wu2011,1,3,183,C16,522.55,522.55,55.4,,687.0,tabulated,liquid
Wu2011_0183,Wu2011,1,3,184,C16,323.65,323.65,69.4,,792.0,tabulated,liquid
Wu2011_0184,Wu2011,1,3,184,C16,422.85,422.85,69.8,,743.0,tabulated,liquid
Wu2011_0185,Wu2011,1,3,184,C16,522.55,522.55,69.1,,698.0,tabulated,liquid
Wu2011_0186,Wu2011,1,3,185,C16,323.65,323.65,81.3,,799.0,tabulated,liquid
Wu2011_0187,Wu2011,1,3,185,C16,422.85,422.85,82.8,,750.0,tabulated,liquid
Wu2011_0188,Wu2011,1,3,185,C16,522.55,522.55,82.1,,707.0,tabulated,liquid
Wu2011_0189,Wu2011,1,3,186,C16,323.65,323.65,109.7,,807.0,tabulated,liquid
Wu2011_0190,Wu2011,1,3,186,C16,422.85,422.85,108.8,,765.0,tabulated,liquid
Wu2011_0191,Wu2011,1,3,186,C16,522.55,522.55,107.9,,723.0,tabulated,liquid
Wu2011_0192,Wu2011,1,3,187,C16,422.85,422.85,136.9,,778.0,tabulated,liquid
Wu2011_0193,Wu2011,1,3,187,C16,522.55,522.55,135.8,,738.0,tabulated,liquid
Wu2011_0194,Wu2011,1,3,188,C16,422.85,422.85,170.7,,792.0,tabulated,liquid
Wu2011_0195,Wu2011,1,3,188,C16,522.55,522.55,170.1,,755.0,tabulated,liquid
Wu2011_0196,Wu2011,1,3,189,C16,422.85,422.85,204.3,,804.0,tabulated,liquid
Wu2011_0197,Wu2011,1,3,189,C16,522.55,522.55,203.3,,769.0,tabulated,liquid
Wu2011_0198,Wu2011,1,3,190,C16,422.85,422.85,236.5,,815.0,tabulated,liquid
Wu2011_0199,Wu2011,1,3,190,C16,522.55,522.55,235.8,,782.0,tabulated,liquid
Wu2011_0200,Wu2011,1,3,191,C16,422.85,422.85,262.3,,823.0,tabulated,liquid
Wu2011_0201,Wu2011,1,3,191,C16,522.55,522.55,255.0,,788.0,tabulated,liquid
Dymond1979_0202,Dymond1979,1,5,,C16,298.15,298.15,0.1,,770.2,tabulated,liquid
Dymond1979_0203,Dymond1979,1,5,,C16,298.15,298.15,12,,778.7,tabulated,liquid
Dymond1979_0204,Dymond1979,1,5,,C16,298.15,298.15,19.4,,783.4,tabulated,liquid
Dymond1979_0205,Dymond1979,1,5,,C16,298.15,298.15,25.2,,786.4,tabulated,liquid
Dymond1979_0206,Dymond1979,1,5,,C16,298.15,298.15,30.3,,789,tabulated,liquid
Dymond1979_0207,Dymond1979,1,5,,C16,323.15,323.15,0.1,,753,tabulated,liquid
Dymond1979_0208,Dymond1979,1,5,,C16,323.15,323.15,29,,773.2,tabulated,liquid
Dymond1979_0209,Dymond1979,1,5,,C16,323.15,323.15,59.5,,789.1,tabulated,liquid
Dymond1979_0210,Dymond1979,1,5,,C16,323.15,323.15,89.2,,802.4,tabulated,liquid
Dymond1979_0211,Dymond1979,1,5,,C16,323.15,323.15,120,,814.5,tabulated,liquid
Dymond1979_0212,Dymond1979,1,5,,C16,323.15,323.15,139.4,,821.3,tabulated,liquid
Dymond1979_0213,Dymond1979,1,5,,C16,323.15,323.15,148.9,,824.7,tabulated,liquid
Dymond1979_0214,Dymond1979,1,5,,C16,348.15,348.15,0.1,,735.8,tabulated,liquid
Dymond1979_0215,Dymond1979,1,5,,C16,348.15,348.15,48.8,,770.3,tabulated,liquid
Dymond1979_0216,Dymond1979,1,5,,C16,348.15,348.15,99.4,,794.6,tabulated,liquid
Dymond1979_0217,Dymond1979,1,5,,C16,348.15,348.15,150.2,,814.2,tabulated,liquid
Dymond1979_0218,Dymond1979,1,5,,C16,348.15,348.15,199.4,,830.6,tabulated,liquid
Dymond1979_0219,Dymond1979,1,5,,C16,348.15,348.15,253.5,,845.9,tabulated,liquid
Dymond1979_0220,Dymond1979,1,5,,C16,348.15,348.15,290,,855.2,tabulated,liquid
Dymond1979_0221,Dymond1979,1,5,,C16,373.15,373.15,0.1,,718.6,tabulated,liquid
Dymond1979_0222,Dymond1979,1,5,,C16,373.15,373.15,51.4,,758.1,tabulated,liquid
Dymond1979_0223,Dymond1979,1,5,,C16,373.15,373.15,100.6,,783.3,tabulated,liquid
Dymond1979_0224,Dymond1979,1,5,,C16,373.15,373.15,151.8,,804.3,tabulated,liquid
Dymond1979_0225,Dymond1979,1,5,,C16,373.15,373.15,200.2,,820.7,tabulated,liquid
Dymond1979_0226,Dymond1979,1,5,,C16,373.15,373.15,302.2,,849.7,tabulated,liquid
Dymond1979_0227,Dymond1979,1,5,,C16,373.15,373.15,399.8,,871.7,tabulated,liquid
Dymond1979_0228,Dymond1979,1,5,,C16,373.15,373.15,450.5,,882.2,tabulated,liquid
Wuerflinger2000_0229,Wuerflinger2000,1,2,65,C16,298.15,298.15,0.1,1.2982,770.2973347712217,measured_ambient,liquid
Wuerflinger2000_0230,Wuerflinger2000,1,2,65,C16,303.15,303.15,0.1,1.3041,766.8123610152595,measured_ambient,liquid
Wuerflinger2000_0231,Wuerflinger2000,1,2,65,C16,313.15,313.15,0.1,1.316,759.8784194528876,measured_ambient,liquid
Wuerflinger2000_0232,Wuerflinger2000,1,2,65,C16,323.15,323.15,0.1,1.3281,752.9553497477599,measured_ambient,liquid
Wuerflinger2000_0233,Wuerflinger2000,1,2,65,C16,333.15,333.15,0.1,1.3405,745.9903021260724,measured_ambient,liquid
Wuerflinger2000_0234,Wuerflinger2000,1,2,65,C16,343.15,343.15,0.1,1.3531,739.0436774813392,measured_ambient,liquid
Wuerflinger2000_0235,Wuerflinger2000,2,2,65,C17,303.15,303.15,0.1,1.2963,771.4263673532362,measured_ambient,liquid
Wuerflinger2000_0236,Wuerflinger2000,2,2,65,C17,313.15,313.15,0.1,1.3079,764.5844483523205,measured_ambient,liquid
Wuerflinger2000_0237,Wuerflinger2000,2,2,65,C17,323.15,323.15,0.1,1.3196,757.8053955744165,measured_ambient,liquid
Wuerflinger2000_0238,Wuerflinger2000,2,2,65,C17,333.15,333.15,0.1,1.3317,750.9198768491401,measured_ambient,liquid
Wuerflinger2000_0239,Wuerflinger2000,2,2,65,C17,343.15,343.15,0.1,1.3439,744.1029838529652,measured_ambient,liquid
Wuerflinger2000_0240,Wuerflinger2000,2,2,65,C17,348.15,348.15,0.1,1.3501,740.6858751203614,measured_ambient,liquid
Wuerflinger2000_0241,Wuerflinger2000,1,2,66,C16,298.15,298.15,10.0,1.285,778.2101167315176,source_polynomial_tabulation,liquid
Wuerflinger2000_0242,Wuerflinger2000,1,2,66,C16,303.15,303.15,10.0,1.292,773.9938080495356,source_polynomial_tabulation,liquid
Wuerflinger2000_0243,Wuerflinger2000,1,2,66,C16,313.15,313.15,10.0,1.303,767.4597083653108,source_polynomial_tabulation,liquid
Wuerflinger2000_0244,Wuerflinger2000,1,2,66,C16,323.15,323.15,10.0,1.317,759.3014426727411,source_polynomial_tabulation,liquid
Wuerflinger2000_0245,Wuerflinger2000,1,2,66,C16,333.15,333.15,10.0,1.327,753.5795026375283,source_polynomial_tabulation,liquid
Wuerflinger2000_0246,Wuerflinger2000,1,2,66,C16,343.15,343.15,10.0,1.339,746.8259895444362,source_polynomial_tabulation,liquid
Wuerflinger2000_0247,Wuerflinger2000,2,2,66,C17,303.15,303.15,10.0,1.284,778.816199376947,source_polynomial_tabulation,liquid
Wuerflinger2000_0248,Wuerflinger2000,2,2,66,C17,313.15,313.15,10.0,1.296,771.604938271605,source_polynomial_tabulation,liquid
Wuerflinger2000_0249,Wuerflinger2000,2,2,66,C17,323.15,323.15,10.0,1.308,764.525993883792,source_polynomial_tabulation,liquid
Wuerflinger2000_0250,Wuerflinger2000,2,2,66,C17,333.15,333.15,10.0,1.319,758.1501137225171,source_polynomial_tabulation,liquid
Wuerflinger2000_0251,Wuerflinger2000,2,2,66,C17,343.15,343.15,10.0,1.331,751.3148009015778,source_polynomial_tabulation,liquid
Wuerflinger2000_0252,Wuerflinger2000,2,2,66,C17,348.15,348.15,10.0,1.337,747.9431563201197,source_polynomial_tabulation,liquid
Wuerflinger2000_0253,Wuerflinger2000,1,2,67,C16,298.15,298.15,20.0,1.273,785.5459544383347,source_polynomial_tabulation,liquid
Wuerflinger2000_0254,Wuerflinger2000,1,2,67,C16,303.15,303.15,20.0,1.28,781.25,source_polynomial_tabulation,liquid
Wuerflinger2000_0255,Wuerflinger2000,1,2,67,C16,313.15,313.15,20.0,1.292,773.9938080495356,source_polynomial_tabulation,liquid
Wuerflinger2000_0256,Wuerflinger2000,1,2,67,C16,323.15,323.15,20.0,1.305,766.2835249042146,source_polynomial_tabulation,liquid
Wuerflinger2000_0257,Wuerflinger2000,1,2,67,C16,333.15,333.15,20.0,1.315,760.4562737642586,source_polynomial_tabulation,liquid
Wuerflinger2000_0258,Wuerflinger2000,1,2,67,C16,343.15,343.15,20.0,1.327,753.5795026375283,source_polynomial_tabulation,liquid
Wuerflinger2000_0259,Wuerflinger2000,2,2,67,C17,303.15,303.15,20.0,1.273,785.5459544383347,source_polynomial_tabulation,liquid
Wuerflinger2000_0260,Wuerflinger2000,2,2,67,C17,313.15,313.15,20.0,1.285,778.2101167315176,source_polynomial_tabulation,liquid
Wuerflinger2000_0261,Wuerflinger2000,2,2,67,C17,323.15,323.15,20.0,1.297,771.0100231303007,source_polynomial_tabulation,liquid
Wuerflinger2000_0262,Wuerflinger2000,2,2,67,C17,333.15,333.15,20.0,1.309,763.9419404125287,source_polynomial_tabulation,liquid
Wuerflinger2000_0263,Wuerflinger2000,2,2,67,C17,343.15,343.15,20.0,1.319,758.1501137225171,source_polynomial_tabulation,liquid
Wuerflinger2000_0264,Wuerflinger2000,2,2,67,C17,348.15,348.15,20.0,1.325,754.7169811320755,source_polynomial_tabulation,liquid
Wuerflinger2000_0265,Wuerflinger2000,1,2,68,C16,298.15,298.15,30.0,1.077,928.5051067780873,source_polynomial_tabulation,crystal
Wuerflinger2000_0266,Wuerflinger2000,1,2,68,C16,303.15,303.15,30.0,1.27,787.4015748031496,source_polynomial_tabulation,liquid
Wuerflinger2000_0267,Wuerflinger2000,1,2,68,C16,313.15,313.15,30.0,1.281,780.64012490242,source_polynomial_tabulation,liquid
Wuerflinger2000_0268,Wuerflinger2000,1,2,68,C16,323.15,323.15,30.0,1.295,772.2007722007722,source_polynomial_tabulation,liquid
Wuerflinger2000_0269,Wuerflinger2000,1,2,68,C16,333.15,333.15,30.0,1.304,766.8711656441717,source_polynomial_tabulation,liquid
Wuerflinger2000_0270,Wuerflinger2000,1,2,68,C16,343.15,343.15,30.0,1.315,760.4562737642586,source_polynomial_tabulation,liquid
Wuerflinger2000_0271,Wuerflinger2000,2,2,68,C17,303.15,303.15,30.0,1.263,791.7656373713381,source_polynomial_tabulation,liquid
Wuerflinger2000_0272,Wuerflinger2000,2,2,68,C17,313.15,313.15,30.0,1.274,784.9293563579278,source_polynomial_tabulation,liquid
Wuerflinger2000_0273,Wuerflinger2000,2,2,68,C17,323.15,323.15,30.0,1.287,777.000777000777,source_polynomial_tabulation,liquid
Wuerflinger2000_0274,Wuerflinger2000,2,2,68,C17,333.15,333.15,30.0,1.299,769.8229407236336,source_polynomial_tabulation,liquid
Wuerflinger2000_0275,Wuerflinger2000,2,2,68,C17,343.15,343.15,30.0,1.308,764.525993883792,source_polynomial_tabulation,liquid
Wuerflinger2000_0276,Wuerflinger2000,2,2,68,C17,348.15,348.15,30.0,1.314,761.03500761035,source_polynomial_tabulation,liquid
Wuerflinger2000_0277,Wuerflinger2000,1,2,69,C16,298.15,298.15,40.0,1.074,931.0986964618249,source_polynomial_tabulation,crystal
Wuerflinger2000_0278,Wuerflinger2000,1,2,69,C16,303.15,303.15,40.0,1.262,792.3930269413629,source_polynomial_tabulation,liquid
Wuerflinger2000_0279,Wuerflinger2000,1,2,69,C16,313.15,313.15,40.0,1.271,786.7820613690009,source_polynomial_tabulation,liquid
Wuerflinger2000_0280,Wuerflinger2000,1,2,69,C16,323.15,323.15,40.0,1.285,778.2101167315176,source_polynomial_tabulation,liquid
Wuerflinger2000_0281,Wuerflinger2000,1,2,69,C16,333.15,333.15,40.0,1.294,772.7975270479134,source_polynomial_tabulation,liquid
Wuerflinger2000_0282,Wuerflinger2000,1,2,69,C16,343.15,343.15,40.0,1.304,766.8711656441717,source_polynomial_tabulation,liquid
Wuerflinger2000_0283,Wuerflinger2000,2,2,69,C17,303.15,303.15,40.0,1.139,877.9631255487269,source_polynomial_tabulation,rotator
Wuerflinger2000_0284,Wuerflinger2000,2,2,69,C17,313.15,313.15,40.0,1.264,791.1392405063291,source_polynomial_tabulation,liquid
Wuerflinger2000_0285,Wuerflinger2000,2,2,69,C17,323.15,323.15,40.0,1.277,783.0853563038372,source_polynomial_tabulation,liquid
Wuerflinger2000_0286,Wuerflinger2000,2,2,69,C17,333.15,333.15,40.0,1.289,775.7951900698216,source_polynomial_tabulation,liquid
Wuerflinger2000_0287,Wuerflinger2000,2,2,69,C17,343.15,343.15,40.0,1.297,771.0100231303007,source_polynomial_tabulation,liquid
Wuerflinger2000_0288,Wuerflinger2000,2,2,69,C17,348.15,348.15,40.0,1.303,767.4597083653108,source_polynomial_tabulation,liquid
Wuerflinger2000_0289,Wuerflinger2000,1,2,70,C16,298.15,298.15,50.0,1.071,933.7068160597573,source_polynomial_tabulation,crystal
Wuerflinger2000_0290,Wuerflinger2000,1,2,70,C16,303.15,303.15,50.0,1.254,797.4481658692185,source_polynomial_tabulation,liquid
Wuerflinger2000_0291,Wuerflinger2000,1,2,70,C16,313.15,313.15,50.0,1.262,792.3930269413629,source_polynomial_tabulation,liquid
Wuerflinger2000_0292,Wuerflinger2000,1,2,70,C16,323.15,323.15,50.0,1.276,783.6990595611285,source_polynomial_tabulation,liquid
Wuerflinger2000_0293,Wuerflinger2000,1,2,70,C16,333.15,333.15,50.0,1.284,778.816199376947,source_polynomial_tabulation,liquid
Wuerflinger2000_0294,Wuerflinger2000,1,2,70,C16,343.15,343.15,50.0,1.294,772.7975270479134,source_polynomial_tabulation,liquid
Wuerflinger2000_0295,Wuerflinger2000,2,2,70,C17,303.15,303.15,50.0,1.131,884.1732979664014,source_polynomial_tabulation,rotator
Wuerflinger2000_0296,Wuerflinger2000,2,2,70,C17,313.15,313.15,50.0,1.255,796.8127490039841,source_polynomial_tabulation,liquid
Wuerflinger2000_0297,Wuerflinger2000,2,2,70,C17,323.15,323.15,50.0,1.268,788.6435331230284,source_polynomial_tabulation,liquid
Wuerflinger2000_0298,Wuerflinger2000,2,2,70,C17,333.15,333.15,50.0,1.28,781.25,source_polynomial_tabulation,liquid
Wuerflinger2000_0299,Wuerflinger2000,2,2,70,C17,343.15,343.15,50.0,1.287,777.000777000777,source_polynomial_tabulation,liquid
Wuerflinger2000_0300,Wuerflinger2000,2,2,70,C17,348.15,348.15,50.0,1.293,773.3952049497293,source_polynomial_tabulation,liquid
Wuerflinger2000_0301,Wuerflinger2000,1,2,71,C16,298.15,298.15,60.0,1.067,937.2071227741332,source_polynomial_tabulation,crystal
Wuerflinger2000_0302,Wuerflinger2000,1,2,71,C16,303.15,303.15,60.0,1.071,933.7068160597573,source_polynomial_tabulation,crystal
Wuerflinger2000_0303,Wuerflinger2000,1,2,71,C16,313.15,313.15,60.0,1.253,798.0845969672786,source_polynomial_tabulation,liquid
Wuerflinger2000_0304,Wuerflinger2000,1,2,71,C16,323.15,323.15,60.0,1.267,789.2659826361485,source_polynomial_tabulation,liquid
Wuerflinger2000_0305,Wuerflinger2000,1,2,71,C16,333.15,333.15,60.0,1.275,784.3137254901961,source_polynomial_tabulation,liquid
Wuerflinger2000_0306,Wuerflinger2000,1,2,71,C16,343.15,343.15,60.0,1.285,778.2101167315176,source_polynomial_tabulation,liquid
Wuerflinger2000_0307,Wuerflinger2000,2,2,71,C17,303.15,303.15,60.0,1.123,890.4719501335708,source_polynomial_tabulation,rotator
Wuerflinger2000_0308,Wuerflinger2000,2,2,71,C17,313.15,313.15,60.0,1.246,802.5682182985554,source_polynomial_tabulation,liquid
Wuerflinger2000_0309,Wuerflinger2000,2,2,71,C17,323.15,323.15,60.0,1.259,794.2811755361398,source_polynomial_tabulation,liquid
Wuerflinger2000_0310,Wuerflinger2000,2,2,71,C17,333.15,333.15,60.0,1.271,786.7820613690009,source_polynomial_tabulation,liquid
Wuerflinger2000_0311,Wuerflinger2000,2,2,71,C17,343.15,343.15,60.0,1.278,782.4726134585289,source_polynomial_tabulation,liquid
Wuerflinger2000_0312,Wuerflinger2000,2,2,71,C17,348.15,348.15,60.0,1.283,779.4232268121591,source_polynomial_tabulation,liquid
Wuerflinger2000_0313,Wuerflinger2000,1,2,72,C16,298.15,298.15,70.0,1.064,939.8496240601503,source_polynomial_tabulation,crystal
Wuerflinger2000_0314,Wuerflinger2000,1,2,72,C16,303.15,303.15,70.0,1.068,936.3295880149813,source_polynomial_tabulation,crystal
Wuerflinger2000_0315,Wuerflinger2000,1,2,72,C16,313.15,313.15,70.0,1.246,802.5682182985554,source_polynomial_tabulation,liquid
Wuerflinger2000_0316,Wuerflinger2000,1,2,72,C16,323.15,323.15,70.0,1.258,794.912559618442,source_polynomial_tabulation,liquid
Wuerflinger2000_0317,Wuerflinger2000,1,2,72,C16,333.15,333.15,70.0,1.267,789.2659826361485,source_polynomial_tabulation,liquid
Wuerflinger2000_0318,Wuerflinger2000,1,2,72,C16,343.15,343.15,70.0,1.276,783.6990595611285,source_polynomial_tabulation,liquid
Wuerflinger2000_0319,Wuerflinger2000,2,2,72,C17,303.15,303.15,70.0,1.115,896.8609865470852,source_polynomial_tabulation,rotator
Wuerflinger2000_0320,Wuerflinger2000,2,2,72,C17,313.15,313.15,70.0,1.238,807.7544426494346,source_polynomial_tabulation,liquid
Wuerflinger2000_0321,Wuerflinger2000,2,2,72,C17,323.15,323.15,70.0,1.251,799.3605115907275,source_polynomial_tabulation,liquid
Wuerflinger2000_0322,Wuerflinger2000,2,2,72,C17,333.15,333.15,70.0,1.263,791.7656373713381,source_polynomial_tabulation,liquid
Wuerflinger2000_0323,Wuerflinger2000,2,2,72,C17,343.15,343.15,70.0,1.269,788.0220646178094,source_polynomial_tabulation,liquid
Wuerflinger2000_0324,Wuerflinger2000,2,2,72,C17,348.15,348.15,70.0,1.275,784.3137254901961,source_polynomial_tabulation,liquid
Wuerflinger2000_0325,Wuerflinger2000,1,2,73,C16,298.15,298.15,80.0,1.061,942.5070688030161,source_polynomial_tabulation,crystal
Wuerflinger2000_0326,Wuerflinger2000,1,2,73,C16,303.15,303.15,80.0,1.065,938.9671361502348,source_polynomial_tabulation,crystal
Wuerflinger2000_0327,Wuerflinger2000,1,2,73,C16,313.15,313.15,80.0,1.239,807.1025020177561,source_polynomial_tabulation,liquid
Wuerflinger2000_0328,Wuerflinger2000,1,2,73,C16,323.15,323.15,80.0,1.25,800.0,source_polynomial_tabulation,liquid
Wuerflinger2000_0329,Wuerflinger2000,1,2,73,C16,333.15,333.15,80.0,1.259,794.2811755361398,source_polynomial_tabulation,liquid
Wuerflinger2000_0330,Wuerflinger2000,1,2,73,C16,343.15,343.15,80.0,1.268,788.6435331230284,source_polynomial_tabulation,liquid
Wuerflinger2000_0331,Wuerflinger2000,2,2,73,C17,303.15,303.15,80.0,1.073,931.9664492078285,source_polynomial_tabulation,crystal
Wuerflinger2000_0332,Wuerflinger2000,2,2,73,C17,313.15,313.15,80.0,1.231,812.3476848090983,source_polynomial_tabulation,liquid
Wuerflinger2000_0333,Wuerflinger2000,2,2,73,C17,323.15,323.15,80.0,1.243,804.5052292839903,source_polynomial_tabulation,liquid
Wuerflinger2000_0334,Wuerflinger2000,2,2,73,C17,333.15,333.15,80.0,1.255,796.8127490039841,source_polynomial_tabulation,liquid
Wuerflinger2000_0335,Wuerflinger2000,2,2,73,C17,343.15,343.15,80.0,1.261,793.0214115781126,source_polynomial_tabulation,liquid
Wuerflinger2000_0336,Wuerflinger2000,2,2,73,C17,348.15,348.15,80.0,1.266,789.8894154818325,source_polynomial_tabulation,liquid
Wuerflinger2000_0337,Wuerflinger2000,1,2,74,C16,298.15,298.15,90.0,1.058,945.1795841209829,source_polynomial_tabulation,crystal
Wuerflinger2000_0338,Wuerflinger2000,1,2,74,C16,303.15,303.15,90.0,1.062,941.6195856873823,source_polynomial_tabulation,crystal
Wuerflinger2000_0339,Wuerflinger2000,1,2,74,C16,313.15,313.15,90.0,1.233,811.0300081103001,source_polynomial_tabulation,liquid
Wuerflinger2000_0340,Wuerflinger2000,1,2,74,C16,323.15,323.15,90.0,1.243,804.5052292839903,source_polynomial_tabulation,liquid
Wuerflinger2000_0341,Wuerflinger2000,1,2,74,C16,333.15,333.15,90.0,1.252,798.7220447284345,source_polynomial_tabulation,liquid
Wuerflinger2000_0342,Wuerflinger2000,1,2,74,C16,343.15,343.15,90.0,1.26,793.6507936507936,source_polynomial_tabulation,liquid
Wuerflinger2000_0343,Wuerflinger2000,2,2,74,C17,303.15,303.15,90.0,1.069,935.4536950420954,source_polynomial_tabulation,crystal
Wuerflinger2000_0344,Wuerflinger2000,2,2,74,C17,313.15,313.15,90.0,1.127,887.3114463176574,source_polynomial_tabulation,rotator
Wuerflinger2000_0345,Wuerflinger2000,2,2,74,C17,323.15,323.15,90.0,1.236,809.0614886731391,source_polynomial_tabulation,liquid
Wuerflinger2000_0346,Wuerflinger2000,2,2,74,C17,333.15,333.15,90.0,1.247,801.9246190858058,source_polynomial_tabulation,liquid
Wuerflinger2000_0347,Wuerflinger2000,2,2,74,C17,343.15,343.15,90.0,1.253,798.0845969672786,source_polynomial_tabulation,liquid
Wuerflinger2000_0348,Wuerflinger2000,2,2,74,C17,348.15,348.15,90.0,1.258,794.912559618442,source_polynomial_tabulation,liquid
Wuerflinger2000_0349,Wuerflinger2000,1,2,75,C16,298.15,298.15,100.0,1.056,946.9696969696969,source_polynomial_tabulation,crystal
Wuerflinger2000_0350,Wuerflinger2000,1,2,75,C16,303.15,303.15,100.0,1.059,944.2870632672333,source_polynomial_tabulation,crystal
Wuerflinger2000_0351,Wuerflinger2000,1,2,75,C16,313.15,313.15,100.0,1.068,936.3295880149813,source_polynomial_tabulation,crystal
Wuerflinger2000_0352,Wuerflinger2000,1,2,75,C16,323.15,323.15,100.0,1.236,809.0614886731391,source_polynomial_tabulation,liquid
Wuerflinger2000_0353,Wuerflinger2000,1,2,75,C16,333.15,333.15,100.0,1.245,803.2128514056225,source_polynomial_tabulation,liquid
Wuerflinger2000_0354,Wuerflinger2000,1,2,75,C16,343.15,343.15,100.0,1.253,798.0845969672786,source_polynomial_tabulation,liquid
Wuerflinger2000_0355,Wuerflinger2000,2,2,75,C17,303.15,303.15,100.0,1.066,938.0863039399625,source_polynomial_tabulation,crystal
Wuerflinger2000_0356,Wuerflinger2000,2,2,75,C17,313.15,313.15,100.0,1.12,892.8571428571428,source_polynomial_tabulation,rotator
Wuerflinger2000_0357,Wuerflinger2000,2,2,75,C17,323.15,323.15,100.0,1.229,813.6696501220504,source_polynomial_tabulation,liquid
Wuerflinger2000_0358,Wuerflinger2000,2,2,75,C17,333.15,333.15,100.0,1.24,806.4516129032259,source_polynomial_tabulation,liquid
Wuerflinger2000_0359,Wuerflinger2000,2,2,75,C17,343.15,343.15,100.0,1.246,802.5682182985554,source_polynomial_tabulation,liquid
Wuerflinger2000_0360,Wuerflinger2000,2,2,75,C17,348.15,348.15,100.0,1.251,799.3605115907275,source_polynomial_tabulation,liquid
Wuerflinger2000_0361,Wuerflinger2000,1,2,76,C16,298.15,298.15,110.0,1.053,949.667616334283,source_polynomial_tabulation,crystal
Wuerflinger2000_0362,Wuerflinger2000,1,2,76,C16,303.15,303.15,110.0,1.057,946.073793755913,source_polynomial_tabulation,crystal
Wuerflinger2000_0363,Wuerflinger2000,1,2,76,C16,313.15,313.15,110.0,1.064,939.8496240601503,source_polynomial_tabulation,crystal
Wuerflinger2000_0364,Wuerflinger2000,1,2,76,C16,323.15,323.15,110.0,1.23,813.0081300813008,source_polynomial_tabulation,liquid
Wuerflinger2000_0365,Wuerflinger2000,1,2,76,C16,333.15,333.15,110.0,1.239,807.1025020177561,source_polynomial_tabulation,liquid
Wuerflinger2000_0366,Wuerflinger2000,1,2,76,C16,343.15,343.15,110.0,1.246,802.5682182985554,source_polynomial_tabulation,liquid
Wuerflinger2000_0367,Wuerflinger2000,2,2,76,C17,303.15,303.15,110.0,1.063,940.7337723424272,source_polynomial_tabulation,crystal
Wuerflinger2000_0368,Wuerflinger2000,2,2,76,C17,313.15,313.15,110.0,1.112,899.2805755395683,source_polynomial_tabulation,rotator
Wuerflinger2000_0369,Wuerflinger2000,2,2,76,C17,323.15,323.15,110.0,1.223,817.6614881439084,source_polynomial_tabulation,liquid
Wuerflinger2000_0370,Wuerflinger2000,2,2,76,C17,333.15,333.15,110.0,1.233,811.0300081103001,source_polynomial_tabulation,liquid
Wuerflinger2000_0371,Wuerflinger2000,2,2,76,C17,343.15,343.15,110.0,1.239,807.1025020177561,source_polynomial_tabulation,liquid
Wuerflinger2000_0372,Wuerflinger2000,2,2,76,C17,348.15,348.15,110.0,1.244,803.8585209003215,source_polynomial_tabulation,liquid
Wuerflinger2000_0373,Wuerflinger2000,1,2,77,C16,298.15,298.15,120.0,1.05,952.3809523809523,source_polynomial_tabulation,crystal
Wuerflinger2000_0374,Wuerflinger2000,1,2,77,C16,303.15,303.15,120.0,1.054,948.7666034155598,source_polynomial_tabulation,crystal
Wuerflinger2000_0375,Wuerflinger2000,1,2,77,C16,313.15,313.15,120.0,1.061,942.5070688030161,source_polynomial_tabulation,crystal
Wuerflinger2000_0376,Wuerflinger2000,1,2,77,C16,323.15,323.15,120.0,1.225,816.3265306122448,source_polynomial_tabulation,liquid
Wuerflinger2000_0377,Wuerflinger2000,1,2,77,C16,333.15,333.15,120.0,1.233,811.0300081103001,source_polynomial_tabulation,liquid
Wuerflinger2000_0378,Wuerflinger2000,1,2,77,C16,343.15,343.15,120.0,1.239,807.1025020177561,source_polynomial_tabulation,liquid
Wuerflinger2000_0379,Wuerflinger2000,2,2,77,C17,303.15,303.15,120.0,1.061,942.5070688030161,source_polynomial_tabulation,crystal
Wuerflinger2000_0380,Wuerflinger2000,2,2,77,C17,313.15,313.15,120.0,1.105,904.9773755656108,source_polynomial_tabulation,rotator
Wuerflinger2000_0381,Wuerflinger2000,2,2,77,C17,323.15,323.15,120.0,1.217,821.6926869350863,source_polynomial_tabulation,liquid
Wuerflinger2000_0382,Wuerflinger2000,2,2,77,C17,333.15,333.15,120.0,1.226,815.6606851549756,source_polynomial_tabulation,liquid
Wuerflinger2000_0383,Wuerflinger2000,2,2,77,C17,343.15,343.15,120.0,1.233,811.0300081103001,source_polynomial_tabulation,liquid
Wuerflinger2000_0384,Wuerflinger2000,2,2,77,C17,348.15,348.15,120.0,1.237,808.4074373484235,source_polynomial_tabulation,liquid
Wuerflinger2000_0385,Wuerflinger2000,1,2,78,C16,298.15,298.15,130.0,1.048,954.1984732824427,source_polynomial_tabulation,crystal
Wuerflinger2000_0386,Wuerflinger2000,1,2,78,C16,303.15,303.15,130.0,1.052,950.5703422053232,source_polynomial_tabulation,crystal
Wuerflinger2000_0387,Wuerflinger2000,1,2,78,C16,313.15,313.15,130.0,1.058,945.1795841209829,source_polynomial_tabulation,crystal
Wuerflinger2000_0388,Wuerflinger2000,1,2,78,C16,323.15,323.15,130.0,1.219,820.3445447087777,source_polynomial_tabulation,liquid
Wuerflinger2000_0389,Wuerflinger2000,1,2,78,C16,333.15,333.15,130.0,1.227,814.9959250203748,source_polynomial_tabulation,liquid
Wuerflinger2000_0390,Wuerflinger2000,1,2,78,C16,343.15,343.15,130.0,1.233,811.0300081103001,source_polynomial_tabulation,liquid
Wuerflinger2000_0391,Wuerflinger2000,2,2,78,C17,303.15,303.15,130.0,1.058,945.1795841209829,source_polynomial_tabulation,crystal
Wuerflinger2000_0392,Wuerflinger2000,2,2,78,C17,313.15,313.15,130.0,1.064,939.8496240601503,source_polynomial_tabulation,crystal
Wuerflinger2000_0393,Wuerflinger2000,2,2,78,C17,323.15,323.15,130.0,1.212,825.0825082508251,source_polynomial_tabulation,liquid
Wuerflinger2000_0394,Wuerflinger2000,2,2,78,C17,333.15,333.15,130.0,1.22,819.672131147541,source_polynomial_tabulation,liquid
Wuerflinger2000_0395,Wuerflinger2000,2,2,78,C17,343.15,343.15,130.0,1.227,814.9959250203748,source_polynomial_tabulation,liquid
Wuerflinger2000_0396,Wuerflinger2000,2,2,78,C17,348.15,348.15,130.0,1.231,812.3476848090983,source_polynomial_tabulation,liquid
Wuerflinger2000_0397,Wuerflinger2000,1,2,79,C16,298.15,298.15,140.0,1.046,956.0229445506692,source_polynomial_tabulation,crystal
Wuerflinger2000_0398,Wuerflinger2000,1,2,79,C16,303.15,303.15,140.0,1.049,953.2888465204958,source_polynomial_tabulation,crystal
Wuerflinger2000_0399,Wuerflinger2000,1,2,79,C16,313.15,313.15,140.0,1.055,947.8672985781991,source_polynomial_tabulation,crystal
Wuerflinger2000_0400,Wuerflinger2000,1,2,79,C16,323.15,323.15,140.0,1.215,823.0452674897119,source_polynomial_tabulation,liquid
Wuerflinger2000_0401,Wuerflinger2000,1,2,79,C16,333.15,333.15,140.0,1.222,818.3306055646482,source_polynomial_tabulation,liquid
Wuerflinger2000_0402,Wuerflinger2000,1,2,79,C16,343.15,343.15,140.0,1.228,814.3322475570033,source_polynomial_tabulation,liquid
Wuerflinger2000_0403,Wuerflinger2000,2,2,79,C17,303.15,303.15,140.0,1.055,947.8672985781991,source_polynomial_tabulation,crystal
Wuerflinger2000_0404,Wuerflinger2000,2,2,79,C17,313.15,313.15,140.0,1.061,942.5070688030161,source_polynomial_tabulation,crystal
Wuerflinger2000_0405,Wuerflinger2000,2,2,79,C17,323.15,323.15,140.0,1.207,828.5004142502071,source_polynomial_tabulation,liquid
Wuerflinger2000_0406,Wuerflinger2000,2,2,79,C17,333.15,333.15,140.0,1.214,823.7232289950576,source_polynomial_tabulation,liquid
Wuerflinger2000_0407,Wuerflinger2000,2,2,79,C17,343.15,343.15,140.0,1.221,819.000819000819,source_polynomial_tabulation,liquid
Wuerflinger2000_0408,Wuerflinger2000,2,2,79,C17,348.15,348.15,140.0,1.225,816.3265306122448,source_polynomial_tabulation,liquid
Wuerflinger2000_0409,Wuerflinger2000,1,2,80,C16,298.15,298.15,150.0,1.043,958.7727708533079,source_polynomial_tabulation,crystal
Wuerflinger2000_0410,Wuerflinger2000,1,2,80,C16,303.15,303.15,150.0,1.047,955.1098376313277,source_polynomial_tabulation,crystal
Wuerflinger2000_0411,Wuerflinger2000,1,2,80,C16,313.15,313.15,150.0,1.052,950.5703422053232,source_polynomial_tabulation,crystal
Wuerflinger2000_0412,Wuerflinger2000,1,2,80,C16,323.15,323.15,150.0,1.065,938.9671361502348,source_polynomial_tabulation,crystal
Wuerflinger2000_0413,Wuerflinger2000,1,2,80,C16,333.15,333.15,150.0,1.217,821.6926869350863,source_polynomial_tabulation,liquid
Wuerflinger2000_0414,Wuerflinger2000,1,2,80,C16,343.15,343.15,150.0,1.222,818.3306055646482,source_polynomial_tabulation,liquid
Wuerflinger2000_0415,Wuerflinger2000,2,2,80,C17,303.15,303.15,150.0,1.053,949.667616334283,source_polynomial_tabulation,crystal
Wuerflinger2000_0416,Wuerflinger2000,2,2,80,C17,313.15,313.15,150.0,1.058,945.1795841209829,source_polynomial_tabulation,crystal
Wuerflinger2000_0417,Wuerflinger2000,2,2,80,C17,323.15,323.15,150.0,1.119,893.6550491510277,source_polynomial_tabulation,rotator
Wuerflinger2000_0418,Wuerflinger2000,2,2,80,C17,333.15,333.15,150.0,1.208,827.8145695364238,source_polynomial_tabulation,liquid
Wuerflinger2000_0419,Wuerflinger2000,2,2,80,C17,343.15,343.15,150.0,1.215,823.0452674897119,source_polynomial_tabulation,liquid
Wuerflinger2000_0420,Wuerflinger2000,2,2,80,C17,348.15,348.15,150.0,1.219,820.3445447087777,source_polynomial_tabulation,liquid
Wuerflinger2000_0421,Wuerflinger2000,1,2,81,C16,298.15,298.15,160.0,1.041,960.6147934678195,source_polynomial_tabulation,crystal
Wuerflinger2000_0422,Wuerflinger2000,1,2,81,C16,303.15,303.15,160.0,1.045,956.9377990430622,source_polynomial_tabulation,crystal
Wuerflinger2000_0423,Wuerflinger2000,1,2,81,C16,313.15,313.15,160.0,1.05,952.3809523809523,source_polynomial_tabulation,crystal
Wuerflinger2000_0424,Wuerflinger2000,1,2,81,C16,323.15,323.15,160.0,1.061,942.5070688030161,source_polynomial_tabulation,crystal
Wuerflinger2000_0425,Wuerflinger2000,1,2,81,C16,333.15,333.15,160.0,1.212,825.0825082508251,source_polynomial_tabulation,liquid
Wuerflinger2000_0426,Wuerflinger2000,1,2,81,C16,343.15,343.15,160.0,1.217,821.6926869350863,source_polynomial_tabulation,liquid
Wuerflinger2000_0427,Wuerflinger2000,2,2,81,C17,303.15,303.15,160.0,1.05,952.3809523809523,source_polynomial_tabulation,crystal
Wuerflinger2000_0428,Wuerflinger2000,2,2,81,C17,313.15,313.15,160.0,1.056,946.9696969696969,source_polynomial_tabulation,crystal
Wuerflinger2000_0429,Wuerflinger2000,2,2,81,C17,323.15,323.15,160.0,1.107,903.342366757001,source_polynomial_tabulation,rotator
Wuerflinger2000_0430,Wuerflinger2000,2,2,81,C17,333.15,333.15,160.0,1.203,831.2551953449708,source_polynomial_tabulation,liquid
Wuerflinger2000_0431,Wuerflinger2000,2,2,81,C17,343.15,343.15,160.0,1.21,826.4462809917355,source_polynomial_tabulation,liquid
Wuerflinger2000_0432,Wuerflinger2000,2,2,81,C17,348.15,348.15,160.0,1.214,823.7232289950576,source_polynomial_tabulation,liquid
Wuerflinger2000_0433,Wuerflinger2000,1,2,82,C16,298.15,298.15,170.0,1.039,962.4639076034649,source_polynomial_tabulation,crystal
Wuerflinger2000_0434,Wuerflinger2000,1,2,82,C16,303.15,303.15,170.0,1.043,958.7727708533079,source_polynomial_tabulation,crystal
Wuerflinger2000_0435,Wuerflinger2000,1,2,82,C16,313.15,313.15,170.0,1.047,955.1098376313277,source_polynomial_tabulation,crystal
Wuerflinger2000_0436,Wuerflinger2000,1,2,82,C16,323.15,323.15,170.0,1.057,946.073793755913,source_polynomial_tabulation,crystal
Wuerflinger2000_0437,Wuerflinger2000,1,2,82,C16,333.15,333.15,170.0,1.207,828.5004142502071,source_polynomial_tabulation,liquid
Wuerflinger2000_0438,Wuerflinger2000,1,2,82,C16,343.15,343.15,170.0,1.212,825.0825082508251,source_polynomial_tabulation,liquid
Wuerflinger2000_0439,Wuerflinger2000,2,2,82,C17,303.15,303.15,170.0,1.048,954.1984732824427,source_polynomial_tabulation,crystal
Wuerflinger2000_0440,Wuerflinger2000,2,2,82,C17,313.15,313.15,170.0,1.053,949.667616334283,source_polynomial_tabulation,crystal
Wuerflinger2000_0441,Wuerflinger2000,2,2,82,C17,323.15,323.15,170.0,1.063,940.7337723424272,source_polynomial_tabulation,crystal
Wuerflinger2000_0442,Wuerflinger2000,2,2,82,C17,333.15,333.15,170.0,1.199,834.0283569641367,source_polynomial_tabulation,liquid
Wuerflinger2000_0443,Wuerflinger2000,2,2,82,C17,343.15,343.15,170.0,1.205,829.8755186721992,source_polynomial_tabulation,liquid
Wuerflinger2000_0444,Wuerflinger2000,2,2,82,C17,348.15,348.15,170.0,1.209,827.1298593879238,source_polynomial_tabulation,liquid
Wuerflinger2000_0445,Wuerflinger2000,1,2,83,C16,298.15,298.15,180.0,1.037,964.3201542912248,source_polynomial_tabulation,crystal
Wuerflinger2000_0446,Wuerflinger2000,1,2,83,C16,303.15,303.15,180.0,1.041,960.6147934678195,source_polynomial_tabulation,crystal
Wuerflinger2000_0447,Wuerflinger2000,1,2,83,C16,313.15,313.15,180.0,1.045,956.9377990430622,source_polynomial_tabulation,crystal
Wuerflinger2000_0448,Wuerflinger2000,1,2,83,C16,323.15,323.15,180.0,1.054,948.7666034155598,source_polynomial_tabulation,crystal
Wuerflinger2000_0449,Wuerflinger2000,1,2,83,C16,333.15,333.15,180.0,1.202,831.946755407654,source_polynomial_tabulation,liquid
Wuerflinger2000_0450,Wuerflinger2000,1,2,83,C16,343.15,343.15,180.0,1.208,827.8145695364238,source_polynomial_tabulation,liquid
Wuerflinger2000_0451,Wuerflinger2000,2,2,83,C17,303.15,303.15,180.0,1.046,956.0229445506692,source_polynomial_tabulation,crystal
Wuerflinger2000_0452,Wuerflinger2000,2,2,83,C17,313.15,313.15,180.0,1.051,951.4747859181732,source_polynomial_tabulation,crystal
Wuerflinger2000_0453,Wuerflinger2000,2,2,83,C17,323.15,323.15,180.0,1.06,943.3962264150942,source_polynomial_tabulation,crystal
Wuerflinger2000_0454,Wuerflinger2000,2,2,83,C17,333.15,333.15,180.0,1.194,837.5209380234506,source_polynomial_tabulation,liquid
Wuerflinger2000_0455,Wuerflinger2000,2,2,83,C17,343.15,343.15,180.0,1.201,832.639467110741,source_polynomial_tabulation,liquid
Wuerflinger2000_0456,Wuerflinger2000,2,2,83,C17,348.15,348.15,180.0,1.204,830.5647840531561,source_polynomial_tabulation,liquid
Wuerflinger2000_0457,Wuerflinger2000,1,2,84,C16,298.15,298.15,190.0,1.035,966.1835748792271,source_polynomial_tabulation,crystal
Wuerflinger2000_0458,Wuerflinger2000,1,2,84,C16,303.15,303.15,190.0,1.039,962.4639076034649,source_polynomial_tabulation,crystal
Wuerflinger2000_0459,Wuerflinger2000,1,2,84,C16,313.15,313.15,190.0,1.043,958.7727708533079,source_polynomial_tabulation,crystal
Wuerflinger2000_0460,Wuerflinger2000,1,2,84,C16,323.15,323.15,190.0,1.051,951.4747859181732,source_polynomial_tabulation,crystal
Wuerflinger2000_0461,Wuerflinger2000,1,2,84,C16,333.15,333.15,190.0,1.197,835.421888053467,source_polynomial_tabulation,liquid
Wuerflinger2000_0462,Wuerflinger2000,1,2,84,C16,343.15,343.15,190.0,1.203,831.2551953449708,source_polynomial_tabulation,liquid
Wuerflinger2000_0463,Wuerflinger2000,2,2,84,C17,303.15,303.15,190.0,1.043,958.7727708533079,source_polynomial_tabulation,crystal
Wuerflinger2000_0464,Wuerflinger2000,2,2,84,C17,313.15,313.15,190.0,1.048,954.1984732824427,source_polynomial_tabulation,crystal
Wuerflinger2000_0465,Wuerflinger2000,2,2,84,C17,323.15,323.15,190.0,1.058,945.1795841209829,source_polynomial_tabulation,crystal
Wuerflinger2000_0466,Wuerflinger2000,2,2,84,C17,333.15,333.15,190.0,1.19,840.3361344537816,source_polynomial_tabulation,liquid
Wuerflinger2000_0467,Wuerflinger2000,2,2,84,C17,343.15,343.15,190.0,1.196,836.1204013377927,source_polynomial_tabulation,liquid
Wuerflinger2000_0468,Wuerflinger2000,2,2,84,C17,348.15,348.15,190.0,1.2,833.3333333333334,source_polynomial_tabulation,liquid
Wuerflinger2000_0469,Wuerflinger2000,1,2,85,C16,298.15,298.15,200.0,1.034,967.1179883945841,source_polynomial_tabulation,crystal
Wuerflinger2000_0470,Wuerflinger2000,1,2,85,C16,303.15,303.15,200.0,1.038,963.3911368015414,source_polynomial_tabulation,crystal
Wuerflinger2000_0471,Wuerflinger2000,1,2,85,C16,313.15,313.15,200.0,1.041,960.6147934678195,source_polynomial_tabulation,crystal
Wuerflinger2000_0472,Wuerflinger2000,1,2,85,C16,323.15,323.15,200.0,1.048,954.1984732824427,source_polynomial_tabulation,crystal
Wuerflinger2000_0473,Wuerflinger2000,1,2,85,C16,333.15,333.15,200.0,1.068,936.3295880149813,source_polynomial_tabulation,crystal
Wuerflinger2000_0474,Wuerflinger2000,1,2,85,C16,343.15,343.15,200.0,1.199,834.0283569641367,source_polynomial_tabulation,liquid
Wuerflinger2000_0475,Wuerflinger2000,2,2,85,C17,303.15,303.15,200.0,1.041,960.6147934678195,source_polynomial_tabulation,crystal
Wuerflinger2000_0476,Wuerflinger2000,2,2,85,C17,313.15,313.15,200.0,1.046,956.0229445506692,source_polynomial_tabulation,crystal
Wuerflinger2000_0477,Wuerflinger2000,2,2,85,C17,323.15,323.15,200.0,1.055,947.8672985781991,source_polynomial_tabulation,crystal
Wuerflinger2000_0478,Wuerflinger2000,2,2,85,C17,333.15,333.15,200.0,1.078,927.6437847866418,source_polynomial_tabulation,crystal
Wuerflinger2000_0479,Wuerflinger2000,2,2,85,C17,343.15,343.15,200.0,1.191,839.6305625524768,source_polynomial_tabulation,liquid
Wuerflinger2000_0480,Wuerflinger2000,2,2,85,C17,348.15,348.15,200.0,1.195,836.8200836820083,source_polynomial_tabulation,liquid
Wuerflinger2000_0481,Wuerflinger2000,1,2,86,C16,298.15,298.15,210.0,1.032,968.9922480620155,source_polynomial_tabulation,crystal
Wuerflinger2000_0482,Wuerflinger2000,1,2,86,C16,303.15,303.15,210.0,1.036,965.2509652509652,source_polynomial_tabulation,crystal
Wuerflinger2000_0483,Wuerflinger2000,1,2,86,C16,313.15,313.15,210.0,1.039,962.4639076034649,source_polynomial_tabulation,crystal
Wuerflinger2000_0484,Wuerflinger2000,1,2,86,C16,323.15,323.15,210.0,1.046,956.0229445506692,source_polynomial_tabulation,crystal
Wuerflinger2000_0485,Wuerflinger2000,1,2,86,C16,333.15,333.15,210.0,1.061,942.5070688030161,source_polynomial_tabulation,crystal
Wuerflinger2000_0486,Wuerflinger2000,1,2,86,C16,343.15,343.15,210.0,1.195,836.8200836820083,source_polynomial_tabulation,liquid
Wuerflinger2000_0487,Wuerflinger2000,2,2,86,C17,303.15,303.15,210.0,1.04,961.5384615384615,source_polynomial_tabulation,crystal
Wuerflinger2000_0488,Wuerflinger2000,2,2,86,C17,313.15,313.15,210.0,1.044,957.8544061302682,source_polynomial_tabulation,crystal
Wuerflinger2000_0489,Wuerflinger2000,2,2,86,C17,323.15,323.15,210.0,1.052,950.5703422053232,source_polynomial_tabulation,crystal
Wuerflinger2000_0490,Wuerflinger2000,2,2,86,C17,333.15,333.15,210.0,1.071,933.7068160597573,source_polynomial_tabulation,crystal
Wuerflinger2000_0491,Wuerflinger2000,2,2,86,C17,343.15,343.15,210.0,1.187,842.4599831508003,source_polynomial_tabulation,liquid
Wuerflinger2000_0492,Wuerflinger2000,2,2,86,C17,348.15,348.15,210.0,1.191,839.6305625524768,source_polynomial_tabulation,liquid
Wuerflinger2000_0493,Wuerflinger2000,1,2,87,C16,298.15,298.15,220.0,1.031,969.9321047526674,source_polynomial_tabulation,crystal
Wuerflinger2000_0494,Wuerflinger2000,1,2,87,C16,303.15,303.15,220.0,1.034,967.1179883945841,source_polynomial_tabulation,crystal
Wuerflinger2000_0495,Wuerflinger2000,1,2,87,C16,313.15,313.15,220.0,1.037,964.3201542912248,source_polynomial_tabulation,crystal
Wuerflinger2000_0496,Wuerflinger2000,1,2,87,C16,323.15,323.15,220.0,1.044,957.8544061302682,source_polynomial_tabulation,crystal
Wuerflinger2000_0497,Wuerflinger2000,1,2,87,C16,333.15,333.15,220.0,1.056,946.9696969696969,source_polynomial_tabulation,crystal
Wuerflinger2000_0498,Wuerflinger2000,1,2,87,C16,343.15,343.15,220.0,1.19,840.3361344537816,source_polynomial_tabulation,liquid
Wuerflinger2000_0499,Wuerflinger2000,2,2,87,C17,303.15,303.15,220.0,1.038,963.3911368015414,source_polynomial_tabulation,crystal
Wuerflinger2000_0500,Wuerflinger2000,2,2,87,C17,313.15,313.15,220.0,1.042,959.6928982725527,source_polynomial_tabulation,crystal
Wuerflinger2000_0501,Wuerflinger2000,2,2,87,C17,323.15,323.15,220.0,1.05,952.3809523809523,source_polynomial_tabulation,crystal
Wuerflinger2000_0502,Wuerflinger2000,2,2,87,C17,333.15,333.15,220.0,1.064,939.8496240601503,source_polynomial_tabulation,crystal
Wuerflinger2000_0503,Wuerflinger2000,2,2,87,C17,343.15,343.15,220.0,1.183,845.3085376162298,source_polynomial_tabulation,liquid
Wuerflinger2000_0504,Wuerflinger2000,2,2,87,C17,348.15,348.15,220.0,1.187,842.4599831508003,source_polynomial_tabulation,liquid
Wuerflinger2000_0505,Wuerflinger2000,1,2,88,C16,298.15,298.15,230.0,1.029,971.8172983479107,source_polynomial_tabulation,crystal
Wuerflinger2000_0506,Wuerflinger2000,1,2,88,C16,303.15,303.15,230.0,1.033,968.0542110358181,source_polynomial_tabulation,crystal
Wuerflinger2000_0507,Wuerflinger2000,1,2,88,C16,313.15,313.15,230.0,1.036,965.2509652509652,source_polynomial_tabulation,crystal
Wuerflinger2000_0508,Wuerflinger2000,1,2,88,C16,323.15,323.15,230.0,1.041,960.6147934678195,source_polynomial_tabulation,crystal
Wuerflinger2000_0509,Wuerflinger2000,1,2,88,C16,333.15,333.15,230.0,1.051,951.4747859181732,source_polynomial_tabulation,crystal
Wuerflinger2000_0510,Wuerflinger2000,1,2,88,C16,343.15,343.15,230.0,1.186,843.1703204047218,source_polynomial_tabulation,liquid
Wuerflinger2000_0511,Wuerflinger2000,2,2,88,C17,303.15,303.15,230.0,1.036,965.2509652509652,source_polynomial_tabulation,crystal
Wuerflinger2000_0512,Wuerflinger2000,2,2,88,C17,313.15,313.15,230.0,1.04,961.5384615384615,source_polynomial_tabulation,crystal
Wuerflinger2000_0513,Wuerflinger2000,2,2,88,C17,323.15,323.15,230.0,1.047,955.1098376313277,source_polynomial_tabulation,crystal
Wuerflinger2000_0514,Wuerflinger2000,2,2,88,C17,333.15,333.15,230.0,1.059,944.2870632672333,source_polynomial_tabulation,crystal
Wuerflinger2000_0515,Wuerflinger2000,2,2,88,C17,343.15,343.15,230.0,1.178,848.8964346349745,source_polynomial_tabulation,liquid
Wuerflinger2000_0516,Wuerflinger2000,2,2,88,C17,348.15,348.15,230.0,1.183,845.3085376162298,source_polynomial_tabulation,liquid
Wuerflinger2000_0517,Wuerflinger2000,1,2,89,C16,298.15,298.15,240.0,1.028,972.7626459143969,source_polynomial_tabulation,crystal
Wuerflinger2000_0518,Wuerflinger2000,1,2,89,C16,303.15,303.15,240.0,1.032,968.9922480620155,source_polynomial_tabulation,crystal
Wuerflinger2000_0519,Wuerflinger2000,1,2,89,C16,313.15,313.15,240.0,1.035,966.1835748792271,source_polynomial_tabulation,crystal
Wuerflinger2000_0520,Wuerflinger2000,1,2,89,C16,323.15,323.15,240.0,1.04,961.5384615384615,source_polynomial_tabulation,crystal
Wuerflinger2000_0521,Wuerflinger2000,1,2,89,C16,333.15,333.15,240.0,1.047,955.1098376313277,source_polynomial_tabulation,crystal
Wuerflinger2000_0522,Wuerflinger2000,1,2,89,C16,343.15,343.15,240.0,1.182,846.0236886632827,source_polynomial_tabulation,liquid
Wuerflinger2000_0523,Wuerflinger2000,2,2,89,C17,303.15,303.15,240.0,1.034,967.1179883945841,source_polynomial_tabulation,crystal
Wuerflinger2000_0524,Wuerflinger2000,2,2,89,C17,313.15,313.15,240.0,1.038,963.3911368015414,source_polynomial_tabulation,crystal
Wuerflinger2000_0525,Wuerflinger2000,2,2,89,C17,323.15,323.15,240.0,1.045,956.9377990430622,source_polynomial_tabulation,crystal
Wuerflinger2000_0526,Wuerflinger2000,2,2,89,C17,333.15,333.15,240.0,1.054,948.7666034155598,source_polynomial_tabulation,crystal
Wuerflinger2000_0527,Wuerflinger2000,2,2,89,C17,343.15,343.15,240.0,1.174,851.7887563884158,source_polynomial_tabulation,liquid
Wuerflinger2000_0528,Wuerflinger2000,2,2,89,C17,348.15,348.15,240.0,1.179,848.1764206955046,source_polynomial_tabulation,liquid
Wuerflinger2000_0529,Wuerflinger2000,1,2,90,C16,298.15,298.15,250.0,1.027,973.7098344693283,source_polynomial_tabulation,crystal
Wuerflinger2000_0530,Wuerflinger2000,1,2,90,C16,303.15,303.15,250.0,1.03,970.8737864077669,source_polynomial_tabulation,crystal
Wuerflinger2000_0531,Wuerflinger2000,1,2,90,C16,313.15,313.15,250.0,1.034,967.1179883945841,source_polynomial_tabulation,crystal
Wuerflinger2000_0532,Wuerflinger2000,1,2,90,C16,323.15,323.15,250.0,1.038,963.3911368015414,source_polynomial_tabulation,crystal
Wuerflinger2000_0533,Wuerflinger2000,1,2,90,C16,333.15,333.15,250.0,1.043,958.7727708533079,source_polynomial_tabulation,crystal
Wuerflinger2000_0534,Wuerflinger2000,1,2,90,C16,343.15,343.15,250.0,1.177,849.6176720475786,source_polynomial_tabulation,liquid
Wuerflinger2000_0535,Wuerflinger2000,2,2,90,C17,303.15,303.15,250.0,1.033,968.0542110358181,source_polynomial_tabulation,crystal
Wuerflinger2000_0536,Wuerflinger2000,2,2,90,C17,313.15,313.15,250.0,1.036,965.2509652509652,source_polynomial_tabulation,crystal
Wuerflinger2000_0537,Wuerflinger2000,2,2,90,C17,323.15,323.15,250.0,1.043,958.7727708533079,source_polynomial_tabulation,crystal
Wuerflinger2000_0538,Wuerflinger2000,2,2,90,C17,333.15,333.15,250.0,1.051,951.4747859181732,source_polynomial_tabulation,crystal
Wuerflinger2000_0539,Wuerflinger2000,2,2,90,C17,343.15,343.15,250.0,1.169,855.4319931565441,source_polynomial_tabulation,liquid
Wuerflinger2000_0540,Wuerflinger2000,2,2,90,C17,348.15,348.15,250.0,1.176,850.3401360544218,source_polynomial_tabulation,liquid
Wuerflinger2000_0541,Wuerflinger2000,1,2,91,C16,298.15,298.15,260.0,1.026,974.6588693957115,source_polynomial_tabulation,crystal
Wuerflinger2000_0542,Wuerflinger2000,1,2,91,C16,303.15,303.15,260.0,1.029,971.8172983479107,source_polynomial_tabulation,crystal
Wuerflinger2000_0543,Wuerflinger2000,1,2,91,C16,313.15,313.15,260.0,1.033,968.0542110358181,source_polynomial_tabulation,crystal
Wuerflinger2000_0544,Wuerflinger2000,1,2,91,C16,323.15,323.15,260.0,1.037,964.3201542912248,source_polynomial_tabulation,crystal
Wuerflinger2000_0545,Wuerflinger2000,1,2,91,C16,333.15,333.15,260.0,1.041,960.6147934678195,source_polynomial_tabulation,crystal
Wuerflinger2000_0546,Wuerflinger2000,1,2,91,C16,343.15,343.15,260.0,1.065,938.9671361502348,source_polynomial_tabulation,crystal
Wuerflinger2000_0547,Wuerflinger2000,2,2,91,C17,303.15,303.15,260.0,1.031,969.9321047526674,source_polynomial_tabulation,crystal
Wuerflinger2000_0548,Wuerflinger2000,2,2,91,C17,313.15,313.15,260.0,1.035,966.1835748792271,source_polynomial_tabulation,crystal
Wuerflinger2000_0549,Wuerflinger2000,2,2,91,C17,323.15,323.15,260.0,1.041,960.6147934678195,source_polynomial_tabulation,crystal
Wuerflinger2000_0550,Wuerflinger2000,2,2,91,C17,333.15,333.15,260.0,1.048,954.1984732824427,source_polynomial_tabulation,crystal
Wuerflinger2000_0551,Wuerflinger2000,2,2,91,C17,343.15,343.15,260.0,1.165,858.3690987124463,source_polynomial_tabulation,liquid
Wuerflinger2000_0552,Wuerflinger2000,2,2,91,C17,348.15,348.15,260.0,1.172,853.2423208191127,source_polynomial_tabulation,liquid
Wuerflinger2000_0553,Wuerflinger2000,1,2,92,C16,298.15,298.15,270.0,1.025,975.6097560975611,source_polynomial_tabulation,crystal
Wuerflinger2000_0554,Wuerflinger2000,1,2,92,C16,303.15,303.15,270.0,1.028,972.7626459143969,source_polynomial_tabulation,crystal
Wuerflinger2000_0555,Wuerflinger2000,1,2,92,C16,313.15,313.15,270.0,1.032,968.9922480620155,source_polynomial_tabulation,crystal
Wuerflinger2000_0556,Wuerflinger2000,1,2,92,C16,323.15,323.15,270.0,1.035,966.1835748792271,source_polynomial_tabulation,crystal
Wuerflinger2000_0557,Wuerflinger2000,1,2,92,C16,333.15,333.15,270.0,1.039,962.4639076034649,source_polynomial_tabulation,crystal
Wuerflinger2000_0558,Wuerflinger2000,1,2,92,C16,343.15,343.15,270.0,1.052,950.5703422053232,source_polynomial_tabulation,crystal
Wuerflinger2000_0559,Wuerflinger2000,2,2,92,C17,303.15,303.15,270.0,1.03,970.8737864077669,source_polynomial_tabulation,crystal
Wuerflinger2000_0560,Wuerflinger2000,2,2,92,C17,313.15,313.15,270.0,1.033,968.0542110358181,source_polynomial_tabulation,crystal
Wuerflinger2000_0561,Wuerflinger2000,2,2,92,C17,323.15,323.15,270.0,1.039,962.4639076034649,source_polynomial_tabulation,crystal
Wuerflinger2000_0562,Wuerflinger2000,2,2,92,C17,333.15,333.15,270.0,1.046,956.0229445506692,source_polynomial_tabulation,crystal
Wuerflinger2000_0563,Wuerflinger2000,2,2,92,C17,343.15,343.15,270.0,1.066,938.0863039399625,source_polynomial_tabulation,crystal
Wuerflinger2000_0564,Wuerflinger2000,2,2,92,C17,348.15,348.15,270.0,1.168,856.164383561644,source_polynomial_tabulation,liquid
Wuerflinger2000_0565,Wuerflinger2000,1,2,93,C16,298.15,298.15,280.0,1.024,976.5625,source_polynomial_tabulation,crystal
Wuerflinger2000_0566,Wuerflinger2000,1,2,93,C16,303.15,303.15,280.0,1.027,973.7098344693283,source_polynomial_tabulation,crystal
Wuerflinger2000_0567,Wuerflinger2000,1,2,93,C16,313.15,313.15,280.0,1.031,969.9321047526674,source_polynomial_tabulation,crystal
Wuerflinger2000_0568,Wuerflinger2000,1,2,93,C16,323.15,323.15,280.0,1.034,967.1179883945841,source_polynomial_tabulation,crystal
Wuerflinger2000_0569,Wuerflinger2000,1,2,93,C16,333.15,333.15,280.0,1.038,963.3911368015414,source_polynomial_tabulation,crystal
Wuerflinger2000_0570,Wuerflinger2000,1,2,93,C16,343.15,343.15,280.0,1.045,956.9377990430622,source_polynomial_tabulation,crystal
Wuerflinger2000_0571,Wuerflinger2000,2,2,93,C17,303.15,303.15,280.0,1.029,971.8172983479107,source_polynomial_tabulation,crystal
Wuerflinger2000_0572,Wuerflinger2000,2,2,93,C17,313.15,313.15,280.0,1.032,968.9922480620155,source_polynomial_tabulation,crystal
Wuerflinger2000_0573,Wuerflinger2000,2,2,93,C17,323.15,323.15,280.0,1.038,963.3911368015414,source_polynomial_tabulation,crystal
Wuerflinger2000_0574,Wuerflinger2000,2,2,93,C17,333.15,333.15,280.0,1.045,956.9377990430622,source_polynomial_tabulation,crystal
Wuerflinger2000_0575,Wuerflinger2000,2,2,93,C17,343.15,343.15,280.0,1.06,943.3962264150942,source_polynomial_tabulation,crystal
Wuerflinger2000_0576,Wuerflinger2000,2,2,93,C17,348.15,348.15,280.0,1.164,859.1065292096221,source_polynomial_tabulation,liquid
